Topic,Count,Name,Representation,Llama2,Representative_Docs
-1,3408,-1_data_based_learning_problem,"['data', 'based', 'learning', 'problem', 'time', 'paper', 'results', 'algorithm', 'network', 'proposed']","['Computational complexity in machine learning and data analysis', '', '', '', '', '', '', '', '', '']","['labeled graph data types however , the design of effective learning and mining procedures operating in the space of labeled graphs is still a challenging problem , especially from the computational complexity viewpoint in this paper , we present a major improvement of a general purpose graph classification system ,', 'neither the transmitters nor the receiver has perfect channel state information , but there is a low rate feedback link from the receiver to the transmitters in this setting , a framework is proposed for systematically analyzing the performance of distributed beamforming schemes to illustrate the advantage of this framework', 'learning based long short term memory architecture that is capable of learning long term temporal dependencies that occur in software evolution such deep learned patterns of software can be used to address a range of challenging problems such as code and task recommendation and prediction deepsoft provides a new approach']"
0,736,0_codes_coding_decoding_code,"['codes', 'coding', 'decoding', 'code', 'channel', 'rate', 'error', 'capacity', 'channels', 'binary']","['\nError Correction Codes and Channels', '', '', '', '', '', '', '', '', '']","['the relation between parity check matrices of quasi cyclic \\( qc \\) low density parity check \\( ldpc \\) codes and biadjacency matrices of bipartite graphs supports searching for powerful ldpc block codes using the principle of tailbiting , compact representations of bipartite graphs based on convolutional codes can be', 'constant dimension codes \\( cdcs \\) have been investigated for noncoherent error correction in random network coding the maximum cardinality of cdcs with given minimum distance and how to construct optimal cdcs are both open problems , although cdcs obtained by lifting gabidulin codes , referred to as kk codes', 'low density parity check \\( ldpc \\) codes are one of the most promising families of codes to replace the goppa codes originally used in the mceliece cryptosystem in fact , it has been shown that by using quasi cyclic low density parity check \\( qc ldpc \\) codes in']"
1,593,1_graph_graphs_vertices_vertex,"['graph', 'graphs', 'vertices', 'vertex', 'number', 'edge', 'connected', 'set', 'problem', 'path']","['Graph Identifiability and Minor Closed Classes', '', '', '', '', '', '', '', '', '']","['\\) where g is a graph whose maximum degree is at most d , with no induced subgraph in cal s and x , y in v \\( g \\) are two non adjacent vertices of degree 2 the question is does g contain an induced cycle passing through x', 'which are k h minor free , the running time is further reduced to \\( o \\( log h \\) \\) hk 2 n fixed parameter tractable algorithms that are linear in the number of vertices of the graph were previously known only for planar graphs for the families of', 'it is known that every proper minor closed class of graphs has bounded stack number \\( a k a book thickness and page number \\) while this includes notable graph families such as planar graphs and graphs of bounded genus , many other graph families are not closed under taking']"
2,583,2_sparse_matrix_recovery_signal,"['sparse', 'matrix', 'recovery', 'signal', 'sensing', 'sparsity', 'signals', 'measurements', 'noise', 'norm']","['Compressed Sensing and Sparsity', '', '', '', '', '', '', '', '', '']","['we study the use of very sparse random projections for compressed sensing \\( sparse signal recovery \\) when the signal entries can be either positive or negative in our setting , the entries of a gaussian design matrix are randomly sparsified so that only a very small fraction of the', 'we study the compressed sensing \\( cs \\) signal estimation problem where an input signal is measured via a linear matrix multiplication under additive noise while this setup usually assumes sparsity or compressibility in the input signal during recovery , the signal structure that can be leveraged is often not', 'on the sparsity level for unique sparse solution also , the restricted isometry property \\( rip \\) is statistically studied for the deterministic matrix numerical results show that the deterministic compressed sensing matrix guarantees reliable matching pursuit recovery performance for both noiseless and noisy measurements']"
3,341,3_network_networks_social_nodes,"['network', 'networks', 'social', 'nodes', 'structure', 'graph', 'degree', 'random', 'complex', 'node']","['Influential nodes in complex networks', '', '', '', '', '', '', '', '', '']","['nodes in the network the important the node to the whole networks the simulation on four real networks show that the proposed method is efficacious and rationality to identify the influential nodes in the complex networks', 'the structure entropy is an important index to illuminate the structure prop erty of the complex network most of the existing structure entropies are based on the degree distribution of the complex network but the structure entropy based on the degree can not illustrate the structure property of the weighted', 'degree distribution of nodes , especially a power law degree distribution , has been regarded as one of the most significant structural characteristics of social and information networks node degree , however , only discloses the first order structure of a network higher order structures such as the edge embeddedness']"
4,302,4_text_word_words_corpus,"['text', 'word', 'words', 'corpus', 'language', 'semantic', 'knowledge', 'document', 'similarity', 'documents']","['Natural Language Processing and Word Representation', '', '', '', '', '', '', '', '', '']","['the words in a language we consider the question , can we improve the word representations learnt using a corpora by integrating the knowledge from semantic lexicons \\? for this purpose , we propose a joint word representation learning method that simultaneously predicts the co occurrences of two words in', 'automatic text tagging is an important component in higher level analysis of text corpora , and its output can be used in many natural language processing applications in languages like turkish or finnish , with agglutinative morphology , morphological disambiguation is a very crucial process in tagging , as the', 'methods for learning word representations using large text corpora have received much attention lately due to their impressive performance in numerous natural language processing \\( nlp \\) tasks such as , semantic similarity measurement , and word analogy detection despite their success , these data driven word representation learning methods']"
5,259,5_interference_channel_capacity_interference channel,"['interference', 'channel', 'capacity', 'interference channel', 'fading', 'alignment', 'user', 'channels', 'interference alignment', 'csi']","['\nInterference Channel Capacity and Alignment', '', '', '', '', '', '', '', '', '']","['the many to one interference channel has received interest by virtue of embodying the essence of an interference network while being more tractable than the general k user interference channel in this paper , we introduce information theoretic secrecy to this model and consider the many to one interference channel', 'outer bounds on the capacity region using these bounds , we show that treating interference as noise achieves the sum capacity of the two user gaussian interference channel in a low interference regime , where the interference parameters are below certain thresholds we then generalize our techniques and results to', 'interference alignment is a transmission technique for exploiting all available degrees of freedom in the interference channel with an arbitrary number of users most prior work on interference alignment , however , neglects interference from other nodes in the network not participating in the alignment operation this paper proposes three']"
6,179,6_relay_relaying_forward_relays,"['relay', 'relaying', 'forward', 'relays', 'source', 'power', 'af', 'channel', 'destination', 'decode']","['Multi-Hop Relay Networks', '', '', '', '', '', '', '', '', '']","['we study the problem of channel pairing and power allocation in a multichannel multihop relay network to enhance the end to end data rate both amplify and forward \\( af \\) and decode and forward \\( df \\) relaying strategies are considered given fixed power allocation to the channels ,', 'we consider a three node decode and forward \\( df \\) half duplex relaying system , where the source first harvests rf energy from the relay , and then uses this energy to transmit information to the destination via the relay we assume that the information transfer and wireless power', 'relays we characterize optimal relay amplification factors and the resulting capacity regions we find that the parallel af relay mac with total transmit power of the two users p 1 p 2 p and total relay power p r is the dual of the parallel af relay bc where the']"
7,174,7_logic_semantics_calculus_lambda,"['logic', 'semantics', 'calculus', 'lambda', 'programming', 'language', 'prolog', 'logics', 'programs', 'type']","['Logic Programming and Lambda Calculus', '', '', '', '', '', '', '', '', '']","['compute a lambda calculus expression f such that f with input as g , denoted by f g , is equal to h and similarly g f h we present correctness and complexity results about these algorithms to do that we develop the notion of typed asp lambda calculus theories', 'part of the theory of logic programming and nonmonotonic reasoning concerns the study of fixed point semantics for these paradigms several different semantics have been proposed during the last two decades , and some have been more successful and acknowledged than others the rationales behind those various semantics have been', 'of our extended logic programming language this semantics is a simple variant of ld resolution when suitable conditions are satisfied this semantics agrees with ld resolution and , thus , the programs written in our extended language can be run by ordinary prolog systems our transformation rules are shown to']"
8,153,8_social_online_social networks_online social,"['social', 'online', 'social networks', 'online social', 'users', 'media', 'popularity', 'networks', 'content', 'information']","['Online Social Networks and User Behavior', '', '', '', '', '', '', '', '', '']","['an increasing fraction of today social interactions occur using online social media as communication channels recent worldwide events , such as social movements in spain or revolts in the middle east , highlight their capacity to boost people coordination online networks display in general a rich internal structure where users', 'online social networks , one may ponder questions such as \\( 1 \\) do osns indeed improve our sociability \\? \\( 2 \\) to what extent can we expand our offline social spectrum in osns \\? \\( 3 \\) can we identify some interesting user behaviors in osns \\? our', 'online social networks represent a popular and highly diverse class of social media systems despite this variety , each of these systems undergoes a general process of online social network assembly , which represents the complicated and heterogeneous changes that transform newly born systems into mature platforms however , little']"
9,147,9_checking_model checking_verification_model,"['checking', 'model checking', 'verification', 'model', 'automata', 'specification', 'systems', 'ltl', 'temporal logic', 'temporal']","['Model Checking and Temporal Logic', '', '', '', '', '', '', '', '', '']","[', checking for desirable temporal properties of the model \\( expressed as ltl formulas \\) , generating c code from the model \\( by refinement of promela \\) and validating the generated implementation \\( using spin \\) we argue that a state of the art model checking tool like spin', 'standard abstract model checking relies on abstract kripke structures which approximate concrete models by gluing together indistinguishable states , namely by a partition of the concrete state space strong preservation for a specification language l encodes the equivalence of concrete and abstract model checking of formulas in l we show', 'temporal logic model checking is a verification method in which we describe a system , the model , and then we verify whether some properties , expressed in a temporal logic formula , hold in the system it has many industrial applications in order to improve performance , some tools']"
10,141,10_games_game_player_payoff,"['games', 'game', 'player', 'payoff', 'players', 'equilibrium', 'equilibria', 'nash', 'winning', 'strategy']","['Games and Equilibrium', '', '', '', '', '', '', '', '', '']","['2 5 player parity games combine the challenges posed by 2 5 player reachability games and the qualitative analysis of parity games these two types of problems are best approached with different types of algorithms strategy improvement algorithms for 2 5 player reachability games and recursive algorithms for the qualitative', 'edges \\( or nodes \\) forming this cycle these games are traditionally of interest because of their connection with infinite duration games such as parity and mean payoff games we study the memory requirements for winning strategies of fcgs and certain associated infinite duration games we exhibit a simple fcg', ""we introduce generalized wadge games and show that each lower cone in the weihrauch degrees is characterized by such a game these generalized wadge games subsume the original wadge games , the eraser and backtrack games as well as variants of semmes' tree games as a new example we introduce""]"
11,136,11_spectrum_cellular_d2d_cognitive,"['spectrum', 'cellular', 'd2d', 'cognitive', 'cellular networks', 'networks', 'cell', 'energy', 'secondary', 'radio']","['Energy Efficiency in Cellular Networks through Cognitive and D2D Communication', '', '', '', '', '', '', '', '', '']","['this paper considers a device to device \\( d2d \\) underlaid cellular network where an uplink cellular user communicates with the base station while multiple direct d2d links share the uplink spectrum this paper proposes a random network model based on stochastic geometry and develops centralized and distributed power control', 'while cognitive radio enables spectrum efficient wireless communication , radio frequency \\( rf \\) energy harvesting from ambient interference is an enabler for energy efficient wireless communication in this paper , we model and analyze cognitive and energy harvesting based d2d communication in cellular networks the cognitive d2d transmitters harvest', 'device to device \\( d2d \\) underlaying communication brings great benefits to the cellular networks from the improvement of coverage and spectral efficiency at the expense of complicated transceiver design with frequency spectrum sharing mode , the d2d user generates interference to the existing cellular networks either in downlink or']"
12,132,12_power_energy_allocation_battery,"['power', 'energy', 'allocation', 'battery', 'transmission', 'harvesting', 'energy harvesting', 'optimization', 'problem', 'convex']","['Energy Harvesting and Allocation in Wireless Communications', '', '', '', '', '', '', '', '', '']","['communication over a broadband fading channel powered by an energy harvesting transmitter is studied assuming non causal knowledge of energy data arrivals and channel gains , optimal transmission schemes are identified by taking into account the energy cost of the processing circuitry as well as the transmission energy a constant', 'in this paper , we consider a scenario where one energy harvesting and one battery operated sensor cooperatively transmit a common message to a distant base station the goal is to find the jointly optimal transmission \\( power allocation \\) policy which maximizes the total throughput for a given deadline', 'in this letter , we propose a practical non linear energy harvesting model and design a resource allocation algorithm for simultaneous wireless information and power transfer \\( swipt \\) systems the algorithm design is formulated as a non convex optimization problem for the maximization of the total harvested power at']"
13,122,13_bayesian_structure_models_graphical,"['bayesian', 'structure', 'models', 'graphical', 'inference', 'graphical models', 'learning', 'causal', 'bayesian networks', 'data']","['Machine Learning and Bayesian Inference in Graphical Models', '', '', '', '', '', '', '', '', '']","['in this paper , we discuss the method of bayesian regression and its efficacy for predicting price variation of bitcoin , a recently popularized virtual , cryptographic currency bayesian regression refers to utilizing empirical data as proxy to perform bayesian inference we utilize bayesian regression for the so called latent', 'bayesian networks are basic graphical models , used widely both in statistics and artificial intelligence these statistical models of conditional independence structure are described by acyclic directed graphs whose nodes correspond to \\( random \\) variables in consideration a quite important topic is the learning of bayesian network structures ,', 'various approximations to the bayesian score in this paper , i extend structural em to deal directly with bayesian model selection i prove the convergence of the resulting algorithm and show how to apply it for learning a large class of probabilistic models , including bayesian networks and some variants']"
14,116,14_peer_security_trust_p2p,"['peer', 'security', 'trust', 'p2p', 'protocol', 'peer peer', 'internet', 'protocols', 'attacks', 'reputation']","['Peer-to-Peer Security Protocols', '', '', '', '', '', '', '', '', '']","['peer to peer \\( p2p \\) data sharing systems now generate a significant portion of internet traffic p2p systems have emerged as a popular way to share huge volumes of data requirements for widely distributed information systems supporting virtual organizations have given rise to a new category of p2p systems', 'peer to peer \\( p2p \\) computing is currently attracting enormous attention in p2p systems a very large number of autonomous computing nodes \\( the peers \\) pool together their resources and rely on each other for data and services peer to peer \\( p2p \\) data sharing systems now', ', confidentiality , access control , denial of service , service availability , safety aspects , fault tolerance , trust , language based security , probabilistic and information theoretic models \\) in emerging fields like web services , mobile ad hoc networks , agent based infrastructures , peer to peer']"
15,108,15_citation_scientific_science_journals,"['citation', 'scientific', 'science', 'journals', 'impact', 'papers', 'journal', 'citations', 'cited', 'index']","['Citation analysis of scientific journals', '', '', '', '', '', '', '', '', '']","['individual researchers , scopus helps distinguish between the researchers in a more nuanced fashion than web of science in both citation counting and h index scopus also generates significantly different maps of citation networks of individual scholars than those generated by web of science the study also presents a comparison', 'and social science citation index art journals are cited by \\( social \\) science journals more than by other art journals , but these journals draw upon one another in terms of their own references this cultural impact in terms of being cited is not found when documents with a', 'data contained in the web of science and is used for the evaluation of two journals as examples leonardo and art journal the maps on the basis of the aggregated journal journal citations within this domain can be compared with maps including references to journals in the science citation index']"
16,106,16_algorithm_mathcal_algorithms_proposed,"['algorithm', 'mathcal', 'algorithms', 'proposed', 'methods', 'numerical', 'method', 'proposed algorithm', 'al', 'results']","['Algorithmic Improvements for Numerical Methods', '', '', '', '', '', '', '', '', '']","['simulation results show our proposed algorithm achieves a substantial performance improvement over existing methods in terms of both the papr reduction and computational complexity', 'let text optmax mathcal d \\( resp text optch mathcal d \\) be the expected depth of an emph optimal linear comparison tree computing the maxima \\( resp convex hull \\) for mathcal d our maxima algorithm eventually achieves expected running time o \\( text optmax mathcal d n \\)', 'taper \\( cmt \\) is proposed for practical applications , a reduced dimension version of the proposed ka stap algorithm is also developed the simulation results illustrate the effectiveness of our proposed algorithms , and show that the proposed algorithms converge rapidly and provide a sinr improvement over existing methods']"
17,105,17_parallel_gpu_hardware_gpus,"['parallel', 'gpu', 'hardware', 'gpus', 'core', 'computing', 'algorithms', 'implementation', 'multi core', 'finite element']","['High-performance computing for geospatial processing', '', '', '', '', '', '', '', '', '']","['optimization and differences between the new gpu algorithm and its variants are then subsequently studied lastly , both new and current spmv gpu algorithms are utilized in the gpu cg solver in gpu finite element simulations of the heart these results are then compared against parallel petsc finite element implementation', 'available simd computing power on vector processing units \\( vpus \\) that come with multi core cpus and mics , multi core cpus and mics can be several times faster than gpus when vpus are utilized by adopting a domain specific language \\( dsl \\) approach to exploiting the vpu', 'engineering and urban studies commodity parallel hardware , such as multi core cpus , many core gpus and intel mic accelerators , provide enormous computing power which can potentially achieve significant speedups on existing geospatial processing and open the opportunities for new applications however , the realizable potential for geospatial']"
18,105,18_deep_neural_neural networks_learning,"['deep', 'neural', 'neural networks', 'learning', 'deep learning', 'networks', 'training', 'network', 'deep neural', 'neural network']","['Deep Learning and Neural Networks', '', '', '', '', '', '', '', '', '']","['we present a work in progress snapshot of learning with a 15 billion parameter deep learning network on hpc architectures applied to the largest publicly available natural image and video dataset released to date recent advancements in unsupervised deep neural networks suggest that scaling up such networks in both model', 'choice , with most extensions dealing with the inherent performance limitations over a potentially infinite stream at the same time , gradient descent methods are becoming increasingly popular , owing in part to the successes of deep learning although deep neural networks can learn incrementally , they have so far', 'great successes of deep neural networks have been witnessed in various real applications many algorithmic and implementation techniques have been developed , however , theoretical understanding of many aspects of deep neural networks is far from clear a particular interesting issue is the usefulness of dropout , which was motivated']"
19,104,19_secrecy_eavesdropper_wiretap_channel,"['secrecy', 'eavesdropper', 'wiretap', 'channel', 'secrecy capacity', 'legitimate', 'wiretap channel', 'capacity', 'rate', 'transmitter']","['Secrecy Capacity of Wiretap Channels', '', '', '', '', '', '', '', '', '']","['bound on the secrecy capacity of the compound wiretap channel without channel state information', "", having access to the same shared source of randomness as the transmitter , can resynchronize the received sequence on the other hand , the eavesdropper 's channel remains a synchronization error channel we prove a secrecy capacity theorem , provide a lower bound on the secrecy capacity , and"", 'we derive a lower bound on the secrecy capacity of the compound wiretap channel with channel state information at the transmitter which matches the general upper bound on the secrecy capacity of general compound wiretap channels given by liang et al and thus establishing a full coding theorem in this']"
20,103,20_entropy_concentration_inequalities_inequality,"['entropy', 'concentration', 'inequalities', 'inequality', 'information', 'measures', 'shannon', 'fisher', 'random variables', 'properties']","['Information Theory and Concentration Inequalities', '', '', '', '', '', '', '', '', '']","['independent random variables , and there exist several powerful complementary methods for proving concentration inequalities , such as the martingale method , the entropy method , and the method of transportation inequalities the setting of dependent arguments is much less well understood this chapter focuses on the martingale method for', 'well as codes for wireless communication the second part of the monograph introduces the entropy method , an information theoretic technique for deriving concentration inequalities the basic ingredients of the entropy method are discussed first in the context of logarithmic sobolev inequalities , which underlie the so called functional approach', ""while most useful information theoretic inequalities can be deduced from the basic properties of entropy or mutual information , up to now shannon 's entropy power inequality \\( epi \\) is an exception existing information theoretic proofs of the epi hinge on representations of differential entropy using either fisher information""]"
21,94,21_policy_control_optimal_value function,"['policy', 'control', 'optimal', 'value function', 'optimal control', 'value', 'function', 'markov decision', 'policies', 'reinforcement learning']","['Value Function Learning in Markov Decision Processes', '', '', '', '', '', '', '', '', '']","['in this theoretical paper we are concerned with the problem of learning a value function by a smooth general function approximator , to solve a deterministic episodic control problem in a large continuous state space it is shown that learning the gradient of the value function at every point along', 'upper bound for the optimal value function of the original markov decision process \\( mdp \\) as a key result , we show that this approximate value function is it independent of the non negative cost function \\( or state dependent weights as it is referred to in the literature', 'we consider the discrete time infinite horizon optimal control problem formalized by markov decision processes we revisit the work of bertsekas and ioffe , that introduced lambda policy iteration , a family of algorithms parameterized by lambda that generalizes the standard algorithms value iteration and policy iteration , and has']"
22,91,22_mimo_antennas_massive_massive mimo,"['mimo', 'antennas', 'massive', 'massive mimo', 'antenna', 'mimo systems', 'number', 'channel', 'multiple', 'quantization']","['Massive MIMO Systems and Channel Estimation', '', '', '', '', '', '', '', '', '']","['to fully utilize the spatial multiplexing gains or array gains of massive mimo , the channel state information must be obtained at the transmitter side \\( csit \\) however , conventional csit estimation approaches are not suitable for fdd massive mimo systems because of the overwhelming training and feedback overhead', 'have showed the potential of massive mimo in practice we investigate the properties of measured massive mimo channels in a large indoor venue we describe a measurement campaign using 3 arrays having different shape and aperture , with 64 antennas and 8 users with 2 antennas each we focus on', 'in this paper , we investigate the quantization and the feedback of downlink statistical channel information for massive multiple input multiple output \\( mimo \\) systems with cascaded precoding massive mimo has gained a lot of attention recently because of its ability to significantly improve the network performance to reduce']"
23,91,23_cloud_computing_cloud computing_mobile,"['cloud', 'computing', 'cloud computing', 'mobile', 'spreadsheets', 'service', 'users', 'devices', 'services', 'architecture']","['Cloud Computing and Mobile Devices', '', '', '', '', '', '', '', '', '']","[""be located cloud computing might sound far fetched , but chances are you 're already using some cloud applications if you 're using a web based email program , such as gmail or hotmail , you 're computing in the cloud if you 're using a web based application such"", ""computing as you know it is about to change , your applications and documents are going to move from the desktop into the cloud i'm talking about cloud computing , where applications and files are hosted on a cloud consisting of thousands of computers and servers , all linked together"", 'through the prism of cloud computing principles we give a definition of mobile cloud coputing and provide an overview of the results from this review , in particular , models of mobile cloud applications we also highlight research challenges in the area of mobile cloud computing we conclude with recommendations']"
24,87,24_abelian_functions_word_mathbb,"['abelian', 'functions', 'word', 'mathbb', 'ring', 'attack', 'lwe', 'words', 'boolean functions', 'diophantine']","['Diophantine properties of abelian functions', '', '', '', '', '', '', '', '', '']","['mathbb k is prime bfhhl13 and when the property is linear ks08 moreover , we show that for any fixed finite field mathbb f , an affine invariant property of functions f mathbb k n to mathbb f , where mathbb k is a growing field extension over mathbb f', 'interested in abelian and weak abelian analogues of this result namely , we investigate the following question \\( s \\) let w be an infinite word such that all sufficiently long factors are \\( weakly \\) abelian bordered is w \\( weakly \\) abelian periodic \\? in the process we', 'we study the maximal exponent of abelian powers and abelian repetitions occurring in infinite sturmian words more precisely , we give a formula for computing the maximal exponent of an abelian power of period m occurring in any sturmian word s alpha of rotation angle alpha , and a formula']"
25,85,25_application_concerns_screening_project,"['application', 'concerns', 'screening', 'project', 'program', 'research', 'software', 'crosscutting', 'methods', 'workshop']","['Software System Understandability', '', '', '', '', '', '', '', '', '']","['three interesting combinations of these three techniques , and show how these combinations provide a more complete coverage of the detected concerns as compared to the original techniques individually our results are a first step towards improving the understandability of a system that contains crosscutting concerns , and can be', 'the activities of those organizations , but they need more concise paradigm to support both types of collaboration synchronous and asynchronous this paper introduces the new preusability testing method that provides educational support and gives complete picture for developing new pedagogical group application for mcl the feature of application includes', 'are easy to identify , crosscutting concerns are not captured by a single program entity but are scattered over many program entities and are tangled with the other concerns because of their crosscutting nature , such crosscutting concerns are difficult to identify , and reduce the understandability of the system']"
26,82,26_quantum_entanglement_classical_unitary,"['quantum', 'entanglement', 'classical', 'unitary', 'amplitude amplification', 'amplification', 'amplitude', 'correlations', 'ancilla', 'states']","['Quantum Computation and Entanglement', '', '', '', '', '', '', '', '', '']","[""we review some of quantum algorithms for search problems grover 's search algorithm , its generalization to amplitude amplification , the applications of amplitude amplification to various problems and the recent quantum algorithms based on quantum walks"", 'we discuss classical and quantum computations in terms of corresponding hamiltonian dynamics this allows us to introduce quantum computations which involve parallel processing of both the data and programme instructions using mixed quantum classical dynamics we look for a full cost of computations on quantum computers with classical terminals', 'it is conjectured that quantum computers are able to solve certain problems more quickly than any deterministic or probabilistic computer a quantum computer exploits the rules of quantum mechanics to speed up computations however , it is a formidable task to build a quantum computer , since the quantum mechanical']"
27,81,27_clustering_cluster_clusters_means,"['clustering', 'cluster', 'clusters', 'means', 'points', 'data points', 'data', 'algorithm', 'spectral', 'subspaces']","['Clustering algorithms and techniques', '', '', '', '', '', '', '', '', '']","['in subspace clustering , a group of data points belonging to a union of subspaces are assigned membership to their respective subspaces this paper presents a new approach dubbed innovation pursuit \\( ipursuit \\) to the problem of subspace clustering using a new geometrical idea whereby each subspace is identified', 'in this short communication we introduce the quick clustering algorithm \\( quist \\) , an efficient hierarchical clustering algorithm based on sorting quist is a poly logarithmic divisive clustering algorithm that does not assume the number of clusters , and or the cluster size to be known ahead of time', 'we present a global optimization algorithm for clustering data given the ratio of likelihoods that each pair of data points is in the same cluster or in different clusters to define a clustering solution in terms of pairwise relationships , a necessary and sufficient condition is that belonging to the']"
28,78,28_wireless_sensor_networks_hoc,"['wireless', 'sensor', 'networks', 'hoc', 'ad hoc', 'routing', 'ad', 'energy', 'network', 'energy consumption']","['Wireless Sensor Networks Energy Consumption', '', '', '', '', '', '', '', '', '']","['mobile networks receive increasing research interest recently due to their increasingly wide applications in various areas mobile ad hoc networks \\( manet \\) and vehicular ad hoc networks \\( vanet \\) are two prominent examples mobility introduces challenges as well as opportunities it is known to improve the network throughput', 'since the advent of wireless communication , the need for mobile ad hoc networks has been growing exponentially this has opened up a pandoras box of algorithms for dealing with mobile ad hoc networks , or manets , as they are generally referred to most attempts made at evaluating these', 'wireless sensor networks is important to nodes energy consumption for long activity of sensor nodes because nodes that compose sensor network are small size , and battery capacity is limited for energy consumption decrease of sensor nodes , sensor networks routing technique is divided by flat routing and hierarchical routing']"
29,78,29_optimization_convergence_descent_methods,"['optimization', 'convergence', 'descent', 'methods', 'gradient', 'coordinate', 'nonconvex', 'coordinate descent', 'method', 'convex']","['Optimization Methods for Nonconvex Optimization', '', '', '', '', '', '', '', '', '']","['in this paper , we study the global convergence of majorization minimization \\( mm \\) algorithms for solving nonconvex regularized optimization problems mm algorithms have received great attention in machine learning however , when applied to nonconvex optimization problems , the convergence of mm algorithms is a challenging issue we', 'we propose a new stochastic coordinate descent method for minimizing the sum of convex functions each of which depends on a small number of coordinates only our method \\( approx \\) is simultaneously accelerated , parallel and proximal this is the first time such a method is proposed in the', 'original nonconvex optimization is established our framework is very general and flexible it unifies several existing successive convex approximation \\( sca \\) based algorithms such as \\( proximal \\) gradient or newton type methods , block coordinate \\( parallel \\) descent schemes , difference of convex functions methods , and']"
30,76,30_classification_classifier_learning_decision,"['classification', 'classifier', 'learning', 'decision', 'ensemble', 'decision trees', 'trees', 'accuracy', 'regression', 'random forests']","['Machine Learning Ensemble Methods', '', '', '', '', '', '', '', '', '']","['for ensemble pruning our pruning formulation is general it takes any ensemble of decision trees as input by explicitly accounting for feature sharing across trees together with accuracy cost trade off , our method is able to significantly reduce feature cost by pruning subtrees that introduce more loss in terms', 'algorithm is given for market equilibrium computation we demonstrate that inhomogeneous markets of agents with isoelastic utilities outperform state of the art aggregate classifiers such as random forests , as well as single classifiers \\( neural networks , decision trees \\) on a number of machine learning benchmarks , and', 'we consider the problem of learning decision rules for prediction with feature budget constraint in particular , we are interested in pruning an ensemble of decision trees to reduce expected feature cost while maintaining high prediction accuracy for any test example we propose a novel 0 1 integer program formulation']"
31,74,31_recognition_object_convolutional_cnn,"['recognition', 'object', 'convolutional', 'cnn', 'neural', 'multi label', 'label', 'learning', 'convolutional neural', 'object recognition']","['Object recognition using deep neural networks', '', '', '', '', '', '', '', '', '']","['a sequence of frames from a video is in the correct temporal order with this simple task and no semantic labels , we learn a powerful unsupervised representation using a convolutional neural network \\( cnn \\) the representation contains complementary information to that learned from supervised image datasets like imagenet', 'most modern convolutional neural networks \\( cnns \\) used for object recognition are built using the same principles alternating convolution and max pooling layers followed by a small number of fully connected layers we re evaluate the state of the art for object recognition from small images with convolutional networks', 'convolutional neural networks \\( cnn \\) have shown great performance as a global representation for object recognition however , for multi label images that contain multiple objects from different categories , scales and locations , single cnn features might not be be optimal to enhance the robustness and discriminative power']"
32,74,32_bioinformatics_datasets_matching_suffix,"['bioinformatics', 'datasets', 'matching', 'suffix', 'data', 'machine learning', 'results', 'machine', 'windows', 'swrc shc']","['High-performance bioinformatics using suffix arrays', '', '', '', '', '', '', '', '', '']","[""daas \\) and probabilistic arithmetic automata \\( paas \\) 13 to our knowledge , this is the first time that substring or suffix based pattern matching algorithms are analyzed exactly experimentally , we compare horspool 's algorithm , backward dawg matching , and backward oracle matching on prototypical patterns of"", 'in this paper , a contrastive evaluation of massively parallel implementations of suffix tree and suffix array to accelerate genome sequence matching are proposed based on intel core i7 3770k quad core and nvidia geforce gtx680 gpu besides suffix array only held approximately 20 30 of the space relative to', 'suffix tree , the coalesced binary search and tile optimization make suffix array clearly outperform suffix tree using gpu consequently , the experimental results show that multiple genome sequence matching based on suffix array is more than 99 times speedup than that of cpu serial implementation there is no doubt']"
33,72,33_community_communities_community detection_community structure,"['community', 'communities', 'community detection', 'community structure', 'detection', 'overlapping', 'modularity', 'structure', 'networks', 'network']","['Community Detection in Networks', '', '', '', '', '', '', '', '', '']","['researchers use community detection algorithms to reveal large scale organization in biological and social networks , but community detection is useful only if the communities are significant and not a result of noisy data to assess the statistical significance of the network communities , or the robustness of the detected', 'we introduce a new conception of community structure , which we refer to as hidden community structure hidden community structure refers to a specific type of overlapping community structure , in which the detection of weak , but meaningful , communities is hindered by the presence of stronger communities we', 'present hidden community detection hicode , an algorithm template that identifies both the strong , dominant community structure as well as the weaker , hidden community structure in networks hicode begins by first applying an existing community detection algorithm to a network , and then removing the structure of the']"
34,69,34_evolutionary_genetic_selection_algorithms,"['evolutionary', 'genetic', 'selection', 'algorithms', 'search', 'ant', 'multimodal', 'problem', 'optimization', 'grey']","['Evolutionary Algorithms for Multimodal Optimization', '', '', '', '', '', '', '', '', '']","['in search based software engineering , genetic programming has been used for bug fixing , performance improvement and parallelisation of programs through the modification of source code where an evolutionary computation algorithm , such as genetic programming , is to be applied to similar code manipulation tasks , the complexity', ', evolutionary algorithms are shown to be particularly effective in solving this type of problem in particular , the evolutionary algorithms for multimodal optimization usually not only locate multiple optima in a single run , but also preserve their population diversity throughout a run , resulting in their global optimization', 'properties in tsp instances that influence the optimization process of evolutionary algorithms and use this information to bound the runtime of simple evolutionary algorithms our analysis studies the runtime in dependence of the number of inner points k and shows that \\( mu lambda \\) evolutionary algorithms solve the euclidean']"
35,68,35_feature_selection_feature selection_regression,"['feature', 'selection', 'feature selection', 'regression', 'kernel', 'cancer', 'training', 'gaussian process', 'gaussian', 'data']","['Robust Feature Selection for Cancer Regression', '', '', '', '', '', '', '', '', '']","['the goal of supervised feature selection is to find a subset of input features that are responsible for predicting output values the least absolute shrinkage and selection operator \\( lasso \\) allows computationally efficient feature selection based on linear dependency between input features and output values in this paper ,', 'the proposed feature selection method builds a histogram of the most stable features from random subsets of a training set and ranks the features based on a classifier based cross validation this approach reduces the instability of features obtained by conventional feature selection methods that occur with variation in training', 'selection methods are applied in conjunction with som and has an accuracy rate better than the lsa feature selection methods keywords color histogram , feature selection , lsa , pca , som']"
36,68,36_clauses_sat_cnf_hardness,"['clauses', 'sat', 'cnf', 'hardness', 'complexity', 'satisfiability', 'formulas', 'resolution', 'polynomial', 'clause']","['Satisfiability of CNF Formulas', '', '', '', '', '', '', '', '', '']","['m k \\) 2 r clauses thus textsc max r sat is fixed parameter tractable when parameterized by the number of satisfied clauses above the tight lower bound \\( 1 2 r \\) m this solves an open problem of mahajan et al \\( j comput system sci , 75', 'hyper resolution , on the standard direct encoding of the problem into boolean clauses we also show that current clause learning sat solvers will discover in expected polynomial time any inconsistency that can be deduced from a given set of clauses using negative hyper resolvents of a fixed size we', 'has at least 3k variables after application of certain polynomial time reduction rules to it , then there is a truth assignment that satisfies at least \\( 3m k \\) 4 clauses we also outline how the fixed parameter tractability and polynomial size kernel results on textsc max r sat']"
37,66,37_regret_bandit_armed_armed bandit,"['regret', 'bandit', 'armed', 'armed bandit', 'multi armed', 'reward', 'stochastic', 'bandit problem', 'arm', 'multi']","['Multi Armed Bandit Regret Analysis', '', '', '', '', '', '', '', '', '']","[', our problem is equivalent to the multi armed bandit problem , and thus can be viewed as a strategic version of the latter in particular , for both problems the quality of an algorithm can be characterized by regret , the difference in social welfare between the algorithm and', 'they incur much higher regret than the optimal multi armed bandit algorithms moreover , we provide a truthful mechanism which \\( essentially \\) matches our lower bound on regret', 'we consider the stochastic multi armed bandit problem with a prior distribution on the reward distributions we are interested in studying prior free and prior dependent regret bounds , very much in the same spirit as the usual distribution free and distribution dependent bounds for the non bayesian stochastic bandit']"
38,53,38_bound_lower_upper_bounds,"['bound', 'lower', 'upper', 'bounds', 'lower bound', 'leq', 'upper bound', 'tight', 'le', 'lower bounds']","['Ramsey numbers and bounds', '', '', '', '', '', '', '', '', '']","['computer based attempts to construct lower bounds for small ramsey numbers are discussed a systematic review of circulant ramsey graphs is attempted many known lower bounds are reproduced new bounds of r \\( 4 , 13 \\) geq137 , r \\( 5 , 9 \\) geq133 , r \\( 5', '\\) space , where rho le o \\( \\( ln c \\) 2 c p \\) this improves upon the previous best upper bound rho le 1 c by datar et al \\( socg 2004 \\) , and is close to the lower bound rho ge 1 c p by', 'e \\) for 11 le k le 16 , and show by construction a new lower bound 55 le r \\( 3 , k 13 e \\) the new upper bounds on r \\( 3 , k k e \\) are obtained by using the values and lower bounds on']"
39,53,39_eeg_affective_brain_physiological,"['eeg', 'affective', 'brain', 'physiological', 'video', 'emotion', 'responses', 'bci', 'subjects', 'signals']","['Affective Multimedia and Brain Computer Interfaces', '', '', '', '', '', '', '', '', '']","['multimedia documents such as text , images , sounds or videos elicit emotional responses of different polarity and intensity in exposed human subjects these stimuli are stored in affective multimedia databases the problem of emotion processing is an important issue in human computer interaction and different interdisciplinary studies particularly those', 'affective video indexing faces unique challenges , since viewer reported affective reactions are difficult to assess moreover affect assessment efforts must be carefully designed in order to both cover the types of affective responses that video content evokes in viewers and also capture the stable and consistent aspects of these', 'used to evoke somatosensory brain responses , thus defining a tactile brain computer interface \\( tbci \\) experimental results on subjects performing online \\( real time \\) tbci , using stimuli with a moderately fast inter stimulus interval \\( isi \\) , provide a validation of the tbci prototype ,']"
40,53,40_byzantine_consensus_gossip_log,"['byzantine', 'consensus', 'gossip', 'log', 'nodes', 'failures', 'node', 'protocol', 'proofs', 'rounds']","['Byzantine Consensus Protocols', '', '', '', '', '', '', '', '', '']","['byzantine failures if they adopt a worst case placement scheme besides , if we assume a constant byzantine ratio \\( each node has the same probability to be byzantine \\) , the probability to have a fatal placement approaches 1 when the number of nodes increases , and reliability guarantees', 'max \\( 3f 1 , \\( d 1 \\) f 1 \\) is tight to achieve exact byzantine consensus in synchronous systems , and n \\( d 2 \\) f 1 for approximate byzantine consensus in asynchronous systems due to the dependence of the lower bound on vector dimension d', ', the number of processes necessary becomes large when the vector dimension is large with the hope of reducing the lower bound on n , we consider two relaxed versions of byzantine vector consensus k relaxed byzantine vector consensus and \\( delta , p \\) relaxed byzantine vector consensus in']"
41,52,41_complexity_computational_computational complexity_time,"['complexity', 'computational', 'computational complexity', 'time', 'star', 'log', 'ar', 'algorithm', 'interpolation', 'ctrw']","['Implicit Computational Complexity', '', '', '', '', '', '', '', '', '']","['far rely on the lattice approach in this paper , we reduce this multivariate interpolation problem to a problem of simultaneous polynomial approximations , which we solve using fast structured linear algebra this improves the best known complexity bounds for the interpolation step of the list decoding of reed solomon', 'etaps 2011 implicit computational complexity aims at studying computational complexity without referring to external measuring conditions or particular machine models , but instead by considering restrictions on programming languages or logical principles implying complexity properties the aim of this workshop was to bring together researchers working on implicit computational complexity', 'the only hurdle here is still the computational complexity']"
42,52,42_ofdm_frequency_multicarrier_cdma,"['ofdm', 'frequency', 'multicarrier', 'cdma', 'modulation', 'frequency division', 'division', 'multiplexing', 'orthogonal frequency', 'index']","['Communication Systems and Modulation Techniques', '', '', '', '', '', '', '', '', '']","['asymmetrically clipped optical orthogonal frequency division multiplexing \\( aco ofdm \\) is theoretically more power efficient but less spectrally efficient than dc bias ofdm \\( dco ofdm \\) , with less power allocating to the informationless bias component by only using odd index sub carriers layered enhanced asymmetrically clipped optical', 'orthogonal frequency division multiplexing \\( l e aco ofdm \\) has been proposed to increase the spectral efficiency of aco ofdm in this letter , we experimentally demonstrate a 30 km single mode fiber transmission using l e aco ofdm at 4 375 gbits s using a volterra filter based', 'orthogonal frequency division multiplexing with offset quadrature amplitude modulation \\( ofdm oqam \\) is a multicarrier modulation scheme that can be considered as an alternative to the conventional orthogonal frequency division multiplexing \\( ofdm \\) with cyclic prefix \\( cp \\) for transmission over multipath fading channels in this paper']"
43,52,43_pagerank_ranking_resampling_wikipedia,"['pagerank', 'ranking', 'resampling', 'wikipedia', 'rankings', 'citation', 'page', 'web', 'personalized', 'algorithm']","['Ranking and Pagerank Algorithms in Wikipedia', '', '', '', '', '', '', '', '', '']","['2007 2011 a special emphasis is done on ranking of wikipedia personalities and universities we show that pagerank selection is dominated by politicians while 2drank , which combines pagerank and cheirank , gives more accent on personalities of arts the wikipedia pagerank of universities recovers 80 percents of top universities', 'the pagerank algorithm employed at google assigns a measure of importance to each web page for rankings in search results in our recent papers , we have proposed a distributed randomized approach for this algorithm , where web pages are treated as agents computing their own pagerank by communicating with', 'society while pagerank highlights very well known nodes with many ingoing links , cheirank highlights very communicative nodes with many outgoing links in this way the ranking becomes two dimensional using cheirank and pagerank we analyze the properties of two dimensional ranking of all wikipedia english articles and show that']"
44,52,44_privacy_differential privacy_differential_private,"['privacy', 'differential privacy', 'differential', 'private', 'differentially private', 'differentially', 'data', 'queries', 'pram', 'utility']","['Privacy and Differential Privacy in Data Analysis', '', '', '', '', '', '', '', '', '']","['differential privacy is a cryptographically motivated definition of privacy which has gained significant attention over the past few years differentially private solutions enforce privacy by adding random noise to a function computed over the data , and the challenge in designing such algorithms is to control the added noise in', 'strictly related to the bayes risk in this paper , we show how to model the query system in terms of an information theoretic channel , and we compare the notion of differential privacy with that of mutual information we show that differential privacy implies a bound on the mutual', 'differential privacy is a notion of privacy that has become very popular in the database community roughly , the idea is that a randomized query mechanism provides sufficient privacy protection if the ratio between the probabilities that two adjacent datasets give the same answer is bound by e epsilon in']"
45,47,45_automata_automaton_deterministic_languages,"['automata', 'automaton', 'deterministic', 'languages', 'kleene', 'recognizable', 'states', 'non deterministic', 'language', 'omega']","['Label: Automata and Languages', '', '', '', '', '', '', '', '', '']","['\\) states an easy corollary of our construction is that an omega language with rabin index k cannot be recognized by any omega automaton \\( deterministic or non deterministic \\) with fewer than o \\( sqrt k \\) states', 'we show that there are sigma 3 0 complete languages of infinite words accepted by non deterministic petri nets with b uchi acceptance condition , or equivalently by b uchi blind counter automata this shows that omega languages accepted by non deterministic petri nets are topologically more complex than those', 'we describe a uniform construction for converting omega automata with arbitrary acceptance conditions \\( based on the notion of infinity sets i e the set of states visited infinitely often in a run of the automaton \\) to equivalent deterministic parity automata \\( dpw \\) given a non deterministic automaton']"
46,44,46_queue_queues_packets_arrival,"['queue', 'queues', 'packets', 'arrival', 'packet', 'fluid', 'queue length', 'throughput', 'infinity', 'service']","['Queueing Theory and Performance Analysis', '', '', '', '', '', '', '', '', '']","['node which harvests energy packets from the environment in addition to its data queues , the su has an energy queue to store the harvested energy packets the secondary energy packets are used for primary packets decoding and data packets transmission more specifically , if the secondary energy queue is', 'a randomly chosen subset of connected queues a markovian model is studied where mean packet transmission time is n 1 and packet arrival rate is lambda 1 per queue transient and equilibrium distributions of queue occupancies are obtained in the limit as the system size n tends to infinity', 'empty , the secondary source can neither help the primary source nor transmit a packet from the data queues the energy queue is modeled as a discrete time queue with markov arrival and service processes due to the interaction of the queues , we provide inner and outer bounds on']"
47,43,47_opinion_opinions_agents_dynamics,"['opinion', 'opinions', 'agents', 'dynamics', 'model', 'individuals', 'social', 'rewiring', 'formation', 'observation']","['Opinion Dynamics and Social Networks', '', '', '', '', '', '', '', '', '']","['we propose an opinion dynamics model that combines processes of vanity and opinion propagation the interactions take place between randomly chosen pairs during an interaction , the agents propagate their opinions about themselves and about other people they know moreover , each individual is subject to vanity if her interlocutor', 'how this affects collective opinion formation we introduce a model of binary opinion dynamics on a complex network with fast , stochastic rewiring and show that confirmation bias induces a segregation of individuals with different opinions we use the dynamics of global opinion to generally categorize opinion update rules and', 'opinion dynamics , aiming to understand the evolution of collective behavior through various interaction mechanisms of opinions , represents one of the most challenges in natural and social science to elucidate this issue clearly , binary opinion model becomes a useful framework , where agents can take an independent opinion']"
48,43,48_video_visual_event_semantic,"['video', 'visual', 'event', 'semantic', 'concept', 'concepts', 'image', 'event detection', 'representation', 'multimedia']","['Video Event Detection using Semantic Representations', '', '', '', '', '', '', '', '', '']","['in this paper , we present the bag of attributes \\( boa \\) model for video representation aiming at video event retrieval the boa model is based on a semantic feature space for representing videos , resulting in high level video feature vectors for creating a semantic space , i', 'ones used for image retrieval , but redesign it for video event detection by including video source set refinement and varying the video tag assignment we call our approach tagbook and study its construction , descriptiveness and detection performance on the trecvid 2013 and 2014 multimedia event detection datasets and', 'video representations we use trecvid multimedia event detection 2013 and columbia consumer video open source event definitions and videos as our test sets and show very promising results on two video event detection tasks event modeling over concept space and zero shot event retrieval to the best of our knowledge']"
49,42,49_sentiment_events_mood_sentiment analysis,"['sentiment', 'events', 'mood', 'sentiment analysis', 'opinions', 'tweets', 'health', 'event', 'news', 'twitter']","['Sentiment Analysis of Twitter Data for Event Mood and Opinion Mining', '', '', '', '', '', '', '', '', '']","['social media users tend to mention entities when reacting to news events the main purpose of this work is to create entity centric aggregations of tweets on a daily basis by applying topic modeling and sentiment analysis , we create data visualization insights about current events and people reactions to', 'opinion mining and sentiment analysis is a process of identifying opinions in large unstructured structured data and then analysing polarity of those opinions opinion mining and sentiment analysis have found vast application in analysing online ratings , analysing product based reviews , e governance , and managing hostile content over', 'analyst to search real time tweets from various users in this paper , we discuss the state of art of the works which are focused on twitter , the online social network platform , for sentiment analysis we survey various lexical , machine learning and hybrid approaches for sentiment analysis']"
50,42,50_constraint_constraint satisfaction_satisfaction_csp,"['constraint', 'constraint satisfaction', 'satisfaction', 'csp', 'satisfaction problems', 'faithfulness', 'satisfaction problem', 'csps', 'consistency', 'problems']","['Constraint Satisfaction Problems', '', '', '', '', '', '', '', '', '']","['local consistency techniques such as k consistency are a key component of specialised solvers for constraint satisfaction problems in this paper we show that the power of using k consistency techniques on a constraint satisfaction problem is precisely captured by using a particular inference rule , which we call negative', ""schaefer 's theorem is a complexity classification result for so called boolean constraint satisfaction problems it states that every boolean constraint satisfaction problem is either contained in one out of six classes and can be solved in polynomial time , or is np complete we present an analog of this"", 'a distance constraint satisfaction problem is a constraint satisfaction problem \\( csp \\) whose constraint language consists of relations that are first order definable over \\( bbb z , succ \\) , i e , over the integers with the successor function our main result says that every distance csp']"
51,42,51_estimator_mse_estimators_error,"['estimator', 'mse', 'estimators', 'error', 'outage', 'square error', 'bounds', 'mean square', 'convergence', 'lower']","['Estimation and Error Analysis', '', '', '', '', '', '', '', '', '']","['the minimum mse \\( mmse \\) estimators , respectively however , computation of these estimators and their corresponding performance is usually not tractable and thus , lower bounds on these terms can be very useful for performance analysis the proposed class of lower bounds on the outage error probability is', 'as the minimum mean square error \\( mmse \\) since the mmse estimator delivers a system estimate with lower mean square error \\( mse \\) than the ml estimator for finite length experiments , it is usually considered the best choice in practice in signal processing and control applications within', 'in this paper , new classes of lower bounds on the outage error probability and on the mean square error \\( mse \\) in bayesian parameter estimation are proposed the minima of the h outage error probability and the mse are obtained by the generalized maximum a posteriori probability and']"
52,41,52_tensor_tensors_rank_decomposition,"['tensor', 'tensors', 'rank', 'decomposition', 'indexing', 'decompositions', 'storage', 'low rank', 'product', 'reduction']","['Tensor Decomposition and Storage', '', '', '', '', '', '', '', '', '']","['robust tensor cp decomposition involves decomposing a tensor into low rank and sparse components we propose a novel non convex iterative algorithm with guaranteed recovery it alternates between low rank cp decomposition through gradient ascent \\( a variant of the tensor power method \\) , and hard thresholding of the', 'of the observed tensor , we analyze the equivalent relationship of the trace norm between a low rank tensor and its core tensor then , we cast a non convex tensor decomposition model into a weighted combination of multiple much smaller scale matrix trace norm minimization finally , we develop', 'we introduce tensor interpolative decomposition \\( tensor id \\) for the reduction of the separation rank of canonical tensor decompositions \\( ctds \\) tensor id selects , for a user defined accuracy epsilon , a near optimal subset of terms of a ctd to represent the remaining terms via a']"
53,40,53_polynomials_polynomial_bigo_bivariate,"['polynomials', 'polynomial', 'bigo', 'bivariate', 'rational', 'ldots', 'coefficients', 'varphi', 'characteristic', 'complexity']","['Polynomial algorithms and complexity', '', '', '', '', '', '', '', '', '']","['point is outputted its coordinates have bit length dominated by sigma d bigo \\( k 3 \\) using this result , we obtain a procedure deciding if a polynomial f in z x 1 , , x n is a sum of squares of polynomials in q x 1 ,', 'we present an algorithm which computes the multilinear factors of bivariate lacunary polynomials it is based on a new gap theorem which allows to test whether a polynomial of the form p \\( x , x 1 \\) is identically zero in time polynomial in the number of terms of', 'to find some linear factors of bivariate lacunary polynomials over a field of large finite characteristic in probabilistic polynomial time']"
54,39,54_urban_textit_spatial_mobility,"['urban', 'textit', 'spatial', 'mobility', 'temporal', 'patterns', 'geo', 'geographical', 'recommendation', 'textbf']","['Geospatial Recommendation Systems', '', '', '', '', '', '', '', '', '']","['the user travels to a far away place moreover , user interests and behavior patterns may vary dramatically across different geographical regions in light of this , we propose geo sage , a geographical sparse additive generative model for spatial item recommendation in this paper geo sage considers both user', 'temporal poi representations into a temporal preference ranking model to establish the textit t emporal textit seer \\( textit t seer \\) model in addition , we incorporate the geographical influence into the textit t seer model and develop the textit textbf geo temporal textit textbf seer \\( textit gt', 'information and further propose the textit textbf se quential textit textbf e mbedding textit textbf r ank \\( textit seer \\) model for poi recommendation in particular , the textit seer model learns user preferences via a pairwise ranking model under the sequential constraint modeled by the poi embedding learning']"
55,37,55_storage_repair_codes_replication,"['storage', 'repair', 'codes', 'replication', 'locally', 'distributed storage', 'storage systems', 'lrcs', 'distributed', 'data']","['Locally Repairable Codes for Distributed Storage', '', '', '', '', '', '', '', '', '']","['instead of the entire content this allows non trivial savings in repair bw in sharp contrast , classic codes , like reed solomon \\( rs \\) , used in current storage systems , are deemed to suffer from naive repair , i e downloading the entire stored message to repair', 'we focus on erasure codes for distributed storage the distributed storage setting imposes locality requirements because of easy repair demands on the decoder we first establish the characterization of various locality properties in terms of the generator matrix of the code these lead to bounds on locality and notions of', 'digital contents in large scale distributed storage systems may have different reliability and access delay requirements , and for this reason , erasure codes with different strengths need to be utilized to achieve the best storage efficiency at the same time , in such large scale distributed storage systems ,']"
56,36,56_temporal_data_database_databases,"['temporal', 'data', 'database', 'databases', 'research', 'events', 'metadata', 'interfaces', 'management', 'integration']","['Temporal Database Interfaces', '', '', '', '', '', '', '', '', '']","['databases , databases with special support for time dependent entries we have developed a framework for constructing natural language interfaces to temporal databases , drawing on research on temporal phenomena within logic and linguistics the central part of our framework is a logic like formal language , called top ,', 'present a framework for constructing natural language interfaces for temporal databases \\( nltdbs \\) , that draws on research in tense and aspect theories , temporal logics , and temporal databases the framework consists of a temporal intermediate representation language , called top , an hpsg grammar that maps a', 'most existing natural language database interfaces \\( nldbs \\) were designed to be used with database systems that provide very limited facilities for manipulating time dependent data , and they do not support adequately temporal linguistic mechanisms \\( verb tenses , temporal adverbials , temporal subordinate clauses , etc \\)']"
57,35,57_markov_markov chains_chain_markov chain,"['markov', 'markov chains', 'chain', 'markov chain', 'ergodic', 'chains', 'sample', 'random', 'stationary', 'stationary ergodic']","['Markov Chain Analysis', '', '', '', '', '', '', '', '', '']","['we address the problem of estimating the parameters of a time homogeneous markov chain given only noisy , aggregate data this arises when a population of individuals behave independently according to a markov chain , but individual sample paths cannot be observed due to limitations of the observation process or', 'we consider a class of small sample distribution estimators over noisy channels our estimators are designed for repetition channels , and rely on properties of the runs of the observed sequences these runs are modeled via a special type of markov chains , termed alternating markov chains we show that', 'in this paper , we consider the markov chain monte carlo \\( mcmc \\) approach for random sampling of combinatorial objects the running time of such an algorithm depends on the total mixing time of the underlying markov chain and is unknown in general for some markov chains , upper']"
58,35,58_robot_human_robots_interaction,"['robot', 'human', 'robots', 'interaction', 'eye', 'face', 'humanoid', 'robotic', 'gestures', 'task']","['Human-Robot Interaction', '', '', '', '', '', '', '', '', '']","['manipulate a robot to assemble an object we evaluate if the scores of extroversion and negative attitude towards robots co variate with the duration and frequency of gaze and speech cues the experiments were carried out with the humanoid robot icub and n 56 adult participants we found that the', 'robotic system , propose in order to improve the human robot interaction \\( hri \\) the operators working with the robotic prototype were interviewed three weeks after the deployment using established ux narrative interview guidelines our results show that the cooperation with a robot that executes predefined working steps actually', 'more people are extrovert , the more and longer they tend to talk with the robot and the more people have a negative attitude towards robots , the less they will look at the robot face and the more they will look at the robot hands where the assembly and']"
59,34,59_agents_immune_agent_ai,"['agents', 'immune', 'agent', 'ai', 'autonomous', 'asp', 'robotic', 'systems', 'human', 'biological']","['Artificial Immune Systems and Agent-Based Systems', '', '', '', '', '', '', '', '', '']","['agent based systems , while it supports both the levels of the individual agent structure and the agent society in the multi agents systems \\( mas \\) development process according to amcis , mas are viewed as being composed of a number of autonomous cooperative agents that live in an', 'feedback loops unavailable to biological organisms the possibility of superintelligent agents , or simply the widespread deployment of sophisticated , autonomous ai systems , highlights an important theoretical problem the need to separate the cognitive and rational capacities of an agent from the fundamental goal structure , or value system', 'agents and agent systems are becoming more and more important in the development of a variety of fields such as ubiquitous computing , ambient intelligence , autonomous computing , intelligent systems and intelligent robotics the need for improvement of our basic knowledge on agents is very essential we take a']"
60,33,60_recommendation_recommender_cf_recommender systems,"['recommendation', 'recommender', 'cf', 'recommender systems', 'users', 'recommendations', 'items', 'user', 'ratings', 'bias']","['Improving Recommender Systems with Bias Learning', '', '', '', '', '', '', '', '', '']","[""of the workflow in making decisions rather than artificially soliciting explicit feedback this feedback provides additional data for training recommendation systems which in turn improves how well the recommendation models predict a user 's preferences we perform a user study with a movie recommendation setup to compare interfaces that offer"", 'collaborative filtering \\( cf \\) is a successful approach commonly used by many recommender systems conventional cf based methods use the ratings given to items by users as the sole source of information for learning to make recommendation however , the ratings are often very sparse in many applications ,', 'more appropriate model for recommender systems mdps introduce two benefits they take into account the long term effects of each recommendation , and they take into account the expected value of each recommendation to succeed in practice , an mdp based recommender system must employ a strong initial model and']"
61,30,61_attacks_security_attack_teams,"['attacks', 'security', 'attack', 'teams', 'build', 'remote', 'embedding', 'byzantine', 'inference network', 'analysis problem']","['Secure Software Development and Inference Network Security', '', '', '', '', '', '', '', '', '']","['the resilience of supervisory control and data acquisition \\( scada \\) systems for electric power networks for certain cyber attacks is considered we analyze the vulnerability of the measurement system to false data attack on communicated measurements the vulnerability analysis problem is shown to be np hard , meaning that', ', additive embedding strategy in the exponential sense finally , these results are extended to the case of memoryless attacks and general worst case attacks optimal decision regions and embedding rules are offered , and the worst attack channel is identified', 'byzantine attack that blinds any distributed inference network as the quantization alphabet size increases , a tremendous improvement in the security performance of the distributed inference network is observed we also investigate the problem of distributed inference in the presence of resource constrained byzantine attacks in particular , we focus']"
62,30,62_distributed_diffusion_estimation_mean,"['distributed', 'diffusion', 'estimation', 'mean', 'centralized', 'algorithm', 'distributed estimation', 'adaptive', 'mde', 'distributed algorithms']","['Distributed Estimation and Adaptive Algorithms', '', '', '', '', '', '', '', '', '']","['alleviate the effects of stochastic gradient noise and measurement noise through a continuous learning process we analyze the mean square error performance of the algorithm in some detail , including its transient and steady state behavior we also apply the diffusion algorithm to two problems distributed estimation with sparse parameters', 'we propose a diffusion least mean p power \\( lmp \\) algorithm for distributed estimation in alpha stable noise environments , which is one of the widely used models that appears in various environments compared with the diffusion least mean squares \\( lms \\) algorithm , better performance is obtained', 'in this work we analyze the mean square performance of different strategies for distributed estimation over least mean squares \\( lms \\) adaptive networks the results highlight some useful properties for distributed adaptation in comparison to fusion based centralized solutions the analysis establishes that , by optimizing over the combination']"
63,30,63_critical_linear complexity_sums_sequences,"['critical', 'linear complexity', 'sums', 'sequences', 'complexity', 'binary sequences', 'coefficients', 'strings', 'generating', 'binomial']","['Linear complexity of binary sequences', '', '', '', '', '', '', '', '', '']","['we obtain the complete characterization of i th descent point \\( critical point \\) of the k error linear complexity for i 2 , 3 second , by using the sieve method and games chan algorithm , we characterize the second descent point \\( critical point \\) distribution of the', 'and the third descent points to be completely characterized in fact , the proposed constructive approach has the potential to be used for constructing 2 n periodic binary sequences with the given linear complexity and k error linear complexity \\( or celcs \\) , which is a challenging problem to', 'k error linear complexity for 2 n periodic binary sequences as a consequence , we obtain the complete counting functions on the k error linear complexity of 2 n periodic binary sequences as the second descent point for k 3 , 4 this is the first time for the second']"
64,30,64_grammars_parsing_parser_lexical,"['grammars', 'parsing', 'parser', 'lexical', 'grammar', 'free grammars', 'deduction', 'compiler', 'context free', 'tree']","['Formal Parsing and Grammar', '', '', '', '', '', '', '', '', '']","['synchronous context free grammars \\( scfgs \\) , also known as syntax directed translation schemata , are unlike context free grammars in that they do not have a binary normal form in general , parsing with scfgs takes space and time polynomial in the length of the input strings ,', '\\( pegs \\) , a formalism essentially representing recursive descent parsing , which we consider an attractive alternative to context free grammars \\( cfgs \\) from this formalization we can extract a parser for an arbitrary peg grammar with the warranty of total correctness , i e , the resulting', 'augmented phrase structure formalisms , such as definite clause grammars and other logic grammar formalisms , and has been used for rapid prototyping of parsing algorithms for a variety of formalisms including variants of tree adjoining grammars , categorial grammars , and lexicalized context free grammars']"
65,29,65_phase_bethe_model rb_rb,"['phase', 'bethe', 'model rb', 'rb', 'phase transitions', 'random', 'threshold', 'free energy', 'transitions', 'cavity']","['Phase transitions in discrete systems', '', '', '', '', '', '', '', '', '']","['based on a non rigorous formalism called the cavity method , physicists have put forward intriguing predictions on phase transitions in discrete structures one of the most remarkable ones is that in problems such as random k sat or random graph k coloring , very shortly before the threshold for', 'this paper first analyzes the resolution complexity of two random csp models \\( i e model rb rd \\) for which we can establish the existence of phase transitions and identify the threshold points exactly by encoding csps into cnf formulas , it is proved that almost all instances of', 'multiple fixed points , a loop series expansion is performed for the grand partition function the first term of this series gives the bethe peierls free energy functional at the first step replica symmetry breaking \\( rsb \\) level of the mean field spin glass theory , and corrections again']"
66,29,66_lp_polytope_relaxations_integer,"['lp', 'polytope', 'relaxations', 'integer', 'ef', 'diagrams', 'relaxation', 'problems', 'presumptions', 'agp']","['Optimization and Relaxation Techniques in Graph and Network Problems', '', '', '', '', '', '', '', '', '']","['lp relaxation based message passing algorithms provide an effective tool for map inference over probabilistic graphical models however , different lp relaxations often have different objective functions and variables of differing dimensions , which presents a barrier to effective comparison and analysis in addition , the computational complexity of lp', 'natural linear programming \\( lp \\) relaxation the lp is essentially equivalent to the held karp lp for tsp and the undirected lp for steiner tree we give a family of extreme points for the lp which are more complex than those previously known', 'polytope diagrams some properties of marginal polytope diagrams are exploited such as node redundancy and edge equivalence we show that using marginal polytope diagrams allows the number of constraints to be reduced without loosening the lp relaxations then , using marginal polytope diagrams and constraint reduction , we develop three']"
67,29,67_query_queries_conjunctive_relational,"['query', 'queries', 'conjunctive', 'relational', 'answers', 'algebra', 'horn', 'ontological', 'consistent', 'causality']","['Query Optimization in Ontological Databases', '', '', '', '', '', '', '', '', '']","['query the closure query closure queries are a natural extension of membership queries and also a variant , appropriate for the context of horn formulas , of the so called correction queries we present an algorithm that learns conjunctions of horn clauses in polynomial time , using closure and equivalence', 'of an ontological query into an equivalent query against the underlying relational database the focus here is on soundness and completeness we review previous results and present a new rewriting algorithm for rather general types of ontological constraints in particular , we show how a conjunctive query against an ontology', 'ontological queries are evaluated against an ontology rather than directly on a database the evaluation and optimization of such queries is an intriguing new problem for database research in this paper we discuss two important aspects of this problem query rewriting and query optimization query rewriting consists of the compilation']"
68,28,68_providers_competition_neutral_ftth,"['providers', 'competition', 'neutral', 'ftth', 'isps', 'neutrality', 'service', 'isp', 'regulations', 'stochastically']","['Local Access Competition and Network Neutrality', '', '', '', '', '', '', '', '', '']","['opens up new possibilities for service level competition , defined as the sharing of a single network infrastructure by multiple higher layer service providers , whether of the same or different services yet technology is hardly an exogenous factor that independently shapes future local access competition the regulatory environment also', 'this paper studies the effects on user welfare of imposing network neutrality , using a game theoretic model of provider interactions based on a two sided market framework we assume that the platform the last mile access providers \\( isps \\) are monopolists , and consider content providers \\( cps', 'monopoly and competition , we obtain different conclusions on the desirability of regulation we also introduce the notion of a public option isp , an isp that carries traffic in a network neutral manner our major findings are \\( i \\) in a monopolistic scenario , network neutral regulations benefit']"
69,28,69_video_quality_qos_http,"['video', 'quality', 'qos', 'http', 'streaming', 'content', 'delay', 'resource', 'quality service', 'video quality']","['Video Quality of Service (QoS) and Resource Allocation', '', '', '', '', '', '', '', '', '']","['deterministic delay bounds are difficult to guarantee instead , we propose providing statistical delay guarantees using the concept of effective capacity we consider a multiuser setup whereby different users have \\( possibly different \\) delay qos constraints we derive the resource allocation policy that maximizes the sum video quality and', 'real time video demands quality of service \\( qos \\) guarantees such as delay bounds for end user satisfaction furthermore , the tolerable delay varies depending on the use case such as live streaming or two way video conferencing due to the inherently stochastic nature of wireless fading channels ,', 'results show that video users with differentiated qos requirements can achieve similar video quality with vastly different resource requirements thus , qos aware scheduling and resource allocation enable supporting significantly more users under the same resource constraints']"
70,27,70_image_images_fractal_digital,"['image', 'images', 'fractal', 'digital', 'latin', 'encryption', 'medical', 'secure', 'square', 'photographs']","['Image Encryption and Security', '', '', '', '', '', '', '', '', '']","['square p box 2 \\) we provide a new way of integrating probabilistic encryption in image encryption by embedding random noise in the least significant image bit plane and 3 \\) we construct lsic with these latin square image encryption primitives all on one keyed latin square in a new', 'in this paper , we introduce a symmetric key latin square image cipher \\( lsic \\) for grayscale and color images our contributions to the image encryption community include 1 \\) we develop new latin square image encryption primitives including latin square whitening , latin square s box and latin', 'in recent work , various fractal image coding methods are reported , which adopt the self similarity of images to compress the size of images however , till now , no solutions for the security of fractal encoded images have been provided in this paper , a secure fractal image']"
71,27,71_markov_hidden_hidden markov_sequence,"['markov', 'hidden', 'hidden markov', 'sequence', 'hmcs', 'markov models', 'inference', 'chain', 'markov processes', 'models']","['Hidden Markov Models for Sequence Inference', '', '', '', '', '', '', '', '', '']","['this paper proposes a generative model , the latent dirichlet hidden markov models \\( ldhmm \\) , for characterizing a database of sequential behaviors \\( sequences \\) ldhmms posit that each sequence is generated by an underlying markov chain process , which are controlled by the corresponding parameters \\( i', 'less than 1 which decreases quickly to zero it helps to understand the convergence of entropy rate of generic hidden markov models , and it provides a theoretical base for estimating the entropy rate of some hidden markov models at any accuracy', 'in the paper , the approximate sequence for entropy of some binary hidden markov models has been found to have two bound sequences , the low bound sequence and the upper bound sequence the error bias of the approximate sequence is bound by a geometric sequence with a scale factor']"
72,26,72_quantum_key_classical_private,"['quantum', 'key', 'classical', 'private', 'key distribution', 'prover', 'protocol', 'interactive proof', 'qubits', 'proof systems']","['Quantum Key Distribution and Protocols', '', '', '', '', '', '', '', '', '']","['this paper gives the first formal treatment of a quantum analogue of multi prover interactive proof systems it is proved that the class of languages having quantum multi prover interactive proof systems is necessarily contained in nexp , under the assumption that provers are allowed to share at most polynomially', 'a prover does not have his private qubits , the class of languages having quantum single prover interactive proof systems is also equal to nexp', 'transformations \\( 2 \\) present a protocol and proof of its unconditional security for quantum key distribution amongst several trusted parties \\( 3 \\) propose an idea to combine the features of quantum key distribution and quantum secret sharing we investigate all the above issues in great detail and finally']"
73,24,73_voltage_consumption_power_vm,"['voltage', 'consumption', 'power', 'vm', 'resources', 'energy consumption', 'grid', 'virtual', 'bus', 'power consumption']","['Virtual Machine Scheduling and Energy Consumption', '', '', '', '', '', '', '', '', '']","['the common bus voltage , while it is received by processing the bus measurements that units perform this communication is challenged by the fact that the voltage level is subject to random disturbances , as the state of the mg changes with random load variations we develop a corresponding communication', 'machines many previous works proposed to use a minimum number of physical machines , however , this is not necessarily a good solution to minimize total energy consumption in the vm placement with multiple resources , fixed interval times and non preemption we observed that minimizing total energy consumption of', 'distributed power consumption generation the lack of a direct control of voltage along the line may result in the voltage instability , also called voltage collapse phenomenon well known and documented in the power engineering literature motivated by emerging photo voltaic technology , which brings a new source of renewable']"
74,24,74_fourier_fft_transform_transforms,"['fourier', 'fft', 'transform', 'transforms', 'discrete', 'fourier transform', 'dht', 'fast', 'types', 'synthesis']","['Fast Fourier Transform (FFT) and Discrete Transforms', '', '', '', '', '', '', '', '', '']","['a technique called fourier extension or fourier continuation when constructed as the discrete least squares minimizer in equidistant points , the fourier extension has been shown shown to converge geometrically in the truncation parameter n a fast mathcal o \\( n log 2 n \\) algorithm has been described to', 'this paper shows that it is possible to improve the computational cost , the memory requirements and the accuracy of quick fourier transform \\( qft \\) algorithm for power of two fft \\( fast fourier transform \\) just introducing a slight modification in this algorithm the new algorithm requires the', 'discrete transforms such as the discrete fourier transform \\( dft \\) or the discrete hartley transform \\( dht \\) furnish an indispensable tool in signal processing the successful application of transform techniques relies on the existence of the so called fast transforms in this paper some fast algorithms are derived']"
75,24,75_fuzzy_association_rules_mining,"['fuzzy', 'association', 'rules', 'mining', 'association rules', 'rule', 'rough', 'set', 'fuzzy set', 'data mining']","['Fuzzy Association Rule Mining', '', '', '', '', '', '', '', '', '']","['certain and fuzzy possible rules from incomplete quantitative data with a predefined tolerance degree of uncertainty and misclassification a new method , incomplete quantitative data for rough set model and the fuzzy set theory , is thus proposed to solve this problem it first transforms each quantitative value into a', 'fuzzy set level this paper proposes a new algorithm for generating multidimensional association rules by utilizing fuzzy sets a database consisting of fuzzy transactions , the apriory property is employed to prune the useless candidates , itemsets', 'fuzzy set of linguistic terms using membership functions and then finding incomplete quantitative data with lower and the fuzzy upper approximations it second calculates the fuzzy beta lower and the fuzzy beta upper approximations the certain and possible rules are then generated based on these fuzzy approximations these rules can']"
76,23,76_log_epsilon_epsilon log_space,"['log', 'epsilon', 'epsilon log', 'space', 'log space', 'omega', 'lp', 'delta', 'rin', 'rmrs']","['Log Space Bounds for Approximate LP Sampling', '', '', '', '', '', '', '', '', '']","['p p in soda 2010 , monemizadeh and woodruff showed polylog space upper bounds for approximate lp samplers and demonstrated various applications of them very recently , andoni , krauthgamer and onak improved the upper bounds and gave a o \\( epsilon p log 3 n \\) space epsilon relative', 'within a relative accuracy of 1 pm epsilon with high constant probability in an online fashion and using as little space as possible the current space lower bound for this problem is omega \\( n 1 2 p epsilon 2 p n 1 2 p epsilon 4 p log o', 'our space bound is o \\( epsilon 1 log 2 n \\) , while for the p 1 case we have an o \\( log \\( 1 epsilon \\) epsilon 1 log 2 n \\) space algorithm we also give a o \\( log 2 n \\) bits zero relative']"
77,22,77_pc members_pc_authors_members,"['pc members', 'pc', 'authors', 'members', 'papers', 'workshop', 'paper published', 'talks', 'submitted', 'author']","['Peer review process for academic papers', '', '', '', '', '', '', '', '', '']","['reply to each paper was reviewed by three pc members , and altogether 8 papers \\( including 3 short papers \\) were accepted for publication we were proud to host two invited talks , by pavol cerny and kim larsen , whose abstracts are included in this volume together with', 'anonymously , with authors during the review phase , each submitted paper is published on a discussion forum whose access is restricted to the authors and to all the pc members not declaring a conflict of interest the pc members post comments and questions that the authors reply to for', 'with authors during the review phase , each submitted paper is published on a wiki and associated with a discussion forum whose access is restricted to the authors and to all the pc members not declaring a conflict of interests the pc members post comments and questions that the authors']"
78,22,78_scheduling_schedule_greedy_worker,"['scheduling', 'schedule', 'greedy', 'worker', 'scheduling problems', 'transaction', 'schedules', 'windows', 'transactions', 'contention']","['Scheduling and Contention Management in Assembly Lines and Transactional Memory', '', '', '', '', '', '', '', '', '']","['of iterations sequential scheduling raises the problem of finding the best sequence of message updates this paper presents practical scheduling strategies that use the value of the messages in the graph to find the next message to be updated simulation results show that these informed update sequences require significantly fewer', 'we consider greedy contention managers for transactional memory for m x n execution windows of transactions with m threads and n transactions per thread assuming that each transaction conflicts with at most c other transactions inside the window , a trivial greedy contention manager can schedule them within cn time', 'in this paper , we show that there are much better schedules we present and analyze two new randomized greedy contention management algorithms the first algorithm offline greedy produces a schedule of length o \\( c n log \\( mn \\) \\) with high probability , and gives competitive ratio']"
79,22,79_secret_key_secret key_key generation,"['secret', 'key', 'secret key', 'key generation', 'secure', 'secret sharing', 'key agreement', 'public', 'sharing', 'generation']","['Secret Key Agreement and Sharing', '', '', '', '', '', '', '', '', '']","['we consider a coded cooperative data exchange problem with the goal of generating a secret key specifically , we investigate the number of public transmissions required for a set of clients to agree on a secret key with probability one , subject to the constraint that it remains private from', 'we consider information theoretic secret key agreement and secure function computation by multiple parties observing correlated data , with access to an interactive public communication channel our main result is an upper bound on the secret key length , which is derived using a reduction of binary hypothesis testing to', 'multiparty secret key agreement building on this basic result , we derive new converses for multiparty secret key agreement furthermore , we derive converse results for the oblivious transfer problem and the bit commitment problem by relating them to secret key agreement finally , we derive a necessary condition for']"
80,21,80_elections_rule_election_votes,"['elections', 'rule', 'election', 'votes', 'voting', 'winner', 'manipulation', 'crossing', 'deleting', 'voter']","['Electoral Complexity and Manipulation', '', '', '', '', '', '', '', '', '']","[""crossing elections that satisfy an additional constraint , namely , ones where each candidate is ranked first by at least one voter \\( such elections are called narcissistic \\) for single crossing narcissistic elections , we provide an efficient algorithm for the egalitarian version of monroe 's rule"", 'candidate is said to be an election winner if she is ranked first in one of the nearest \\( with respect to the given distance \\) consensus elections it is known that many classic voting rules can be distance rationalized in this paper , we provide new results on distance', ""we study the complexity of winner determination in single crossing elections under two classic fully proportional representation rules chamberlin courant 's rule and monroe 's rule winner determination for these rules is known to be np hard for unrestricted preferences we show that for single crossing preferences this problem admits""]"
81,21,81_randomness_computable_algorithmic_dcx,"['randomness', 'computable', 'algorithmic', 'dcx', 'pp', 'metric space', 'random', 'space', 'knowledge', 'degrees']","['Algorithmic Randomness in Computable Metric Spaces', '', '', '', '', '', '', '', '', '']","['notions of degrees of randomness for example , the solovay degrees and the k degrees of computably enumerable reals and computably enumerable sets are not elementarily equivalent also , the degrees of randomness based on plain and prefix free complexity are not elementarily equivalent the same holds for their delta', 'in this paper we investigate algorithmic randomness on more general spaces than the cantor space , namely computable metric spaces to do this , we first develop a unified framework allowing computations with probability measures we show that any computable metric space with a computable probability measure is isomorphic to', 'the cantor space in a computable and measure theoretic sense we show that any computable metric space admits a universal uniform randomness test \\( without further assumption \\)']"
